Workbook

Sheet RAW Data
A1: refill_id | B1: patient_id | C1: rx_id | D1: refill_date | E1: quantity_days
A2: RF4089276 | B2: P00001 | C2: RX000001 | D2: 45761 | E2: 30
A3: RF3441467 | B3: P00001 | C3: RX000001 | D3: 45790 | E3: 30
A4: RF1494648 | B4: P00001 | C4: RX000001 | D4: 45822 | E4: 30
A5: RF7899659 | B5: P00002 | C5: RX000002 | D5: 45667 | E5: 28
A6: RF8432381 | B6: P00002 | C6: RX000002 | D6: 45694 | E6: 28
A7: RF5593537 | B7: P00002 | C7: RX000002 | D7: 45724 | E7: 28
A8: RF4153002 | B8: P00002 | C8: RX000002 | D8: 45750 | E8: 28
A9: RF3206973 | B9: P00002 | C9: RX000002 | D9: 45775 | E9: 28
A10: RF1439533 | B10: P00002 | C10: RX000002 | D10: 45801 | E10: 28
A11: RF4874049 | B11: P00003 | C11: RX000003 | D11: 45804 | E11: 30
A12: RF4895376 | B12: P00003 | C12: RX000003 | D12: 45835 | E12: 30
A13: RF1437625 | B13: P00003 | C13: RX000003 | D13: 45863 | E13: 30
... A4538: RF5230482 | B4538: P01000 | C4538: RX001000 | D4538: 45734 | E4538: 28

Sheet QC Check
A1: Check_Name | B1: Rule | C1: Excel Logic | D1: Status
A2: Missing Quantity_Days | B2: Should be 0 | C2: =COUNTIF(TableRefills[quantity_days],"") -> 0 | D2: Okay
A3: Negative or Zero quantity_days | B3: Should be 0 | C3: =COUNTIF('RAW Data'!E:E,"<=0") -> 0 | D3: Okay
A4: Gap Days sanity | B4: Large negative gaps usually mean bad data | C4: =COUNTIF('Refill Gap Model'!H:H,"<-30") -> 0 | D4: Okay
A5: Discontinuation count | B5: Should be non-zero but reasonable % | C5: =SUM('Refill Gap Model'!I:I) -> 0 | D5: Okay
A6: Duplicate refills (same patient + same date) | B6: Should be 0 | C6: =COUNTIFS('Refill Gap Model'!J:J,">1") -> 0 | D6: Okay
A7: Discountinued therepy | B7: Should be 0 | C7: =SUM(Patient_QC!N:N) -> 0 | D7: Okay
A8: Anamolies | B8: Should be 0 | C8: =SUM(Patient_QC!O:O) -> 0 | D8: Okay

Sheet QC_Summary
A1: Check | B1: Result | C1: Pass/Fail | D1: Justification
A2: Missing Quantity_Days | B2: =COUNTIF(TableRefills[quantity_days],"") -> 0 | C2: =IF(B2=0,"Pass","Fail") -> Pass
A3: Negative or Zero quantity_days | B3: =COUNTIF('RAW Data'!D:D,"<=0") -> 0 | C3: =IF(B3=0,"Pass","Fail") -> Pass
A4: Gap Days sanity | B4: =COUNTIF(TableRefills3[gap_days],"<-30") -> 0 | C4: =IF(B4=0,"Pass","Fail") -> Pass
A5: Discontinuation count | B5: =SUM(TableRefills3[discountinuation_flag]) -> 0 | C5: =IF(B5=0,"Pass","Fail") -> Pass | D5: If a patient has 5 refills and only ONE gap > 2 then it's considered discountinuation
A6: Duplicate refills (same patient + same date) | B6: =COUNTIFS('Refill Gap Model'!I:I,">1") -> 0 | C6: =IF(B6=0,"Pass","Fail") -> Pass

Sheet Refill Gap Model
A1: patient_id | B1: rx_id | C1: refill_date | D1: refill_number | E1: quantity_days | F1: prev_refill_days | G1: prev_refill_end | H1: gap_days | I1: discountinuation_flag | J1: Helper_column | K1: Refill_start Date | L1: Refill_end_date
A2: P00001 | B2: RX000001 | C2: 45761 | D2: =IF(A2=A1, D1+1, 1) -> 1 | E2: 30 | F2: =IF(A1=A2,C1,"") | G2: =IF(TableRefills3[[#This Row],[prev_refill_days]]="","",TableRefills3[[#This Row],[prev_refill_days]]+TableRefills3[[#This Row],[quantity_days]]) | H2: =IF(TableRefills3[[#This Row],[prev_refill_end]]="","",TableRefills3[[#This Row],[refill_date]]-TableRefills3[[#This Row],[prev_refill_end]]) | I2: =IF(TableRefills3[[#This Row],[gap_days]]="",0,IF(TableRefills3[[#This Row],[gap_days]]>30,1,0)) -> 0 | J2: =_xlfn.MAXIFS(TableRefills3[discountinuation_flag], TableRefills3[patient_id], A2) -> 0 | K2: =_xlfn.MINIFS(C:C,A:A,TableRefills3[[#This Row],[patient_id]]) -> 45761 | L2: =TableRefills3[[#This Row],[refill_date]]+TableRefills3[[#This Row],[quantity_days]] -> 45791
A3: P00001 | B3: RX000001 | C3: 45790 | D3: =IF(A3=A2, D2+1, 1) -> 2 | E3: 30 | F3: =IF(A2=A3,C2,"") -> 45761 | G3: =IF(TableRefills3[[#This Row],[prev_refill_days]]="","",TableRefills3[[#This Row],[prev_refill_days]]+TableRefills3[[#This Row],[quantity_days]]) -> 45791 | H3: =IF(TableRefills3[[#This Row],[prev_refill_end]]="","",TableRefills3[[#This Row],[refill_date]]-TableRefills3[[#This Row],[prev_refill_end]]) -> -1 | I3: =IF(TableRefills3[[#This Row],[gap_days]]="",0,IF(TableRefills3[[#This Row],[gap_days]]>30,1,0)) -> 0 | J3: =_xlfn.MAXIFS(TableRefills3[discountinuation_flag], TableRefills3[patient_id], A3) -> 0 | K3: =_xlfn.MINIFS(C:C,A:A,TableRefills3[[#This Row],[patient_id]]) -> 45761 | L3: =TableRefills3[[#This Row],[refill_date]]+TableRefills3[[#This Row],[quantity_days]] -> 45820
A4: P00001 | B4: RX000001 | C4: 45822 | D4: =IF(A4=A3, D3+1, 1) -> 3 | E4: 30 | F4: =IF(A3=A4,C3,"") -> 45790 | G4: =IF(TableRefills3[[#This Row],[prev_refill_days]]="","",TableRefills3[[#This Row],[prev_refill_days]]+TableRefills3[[#This Row],[quantity_days]]) -> 45820 | H4: =IF(TableRefills3[[#This Row],[prev_refill_end]]="","",TableRefills3[[#This Row],[refill_date]]-TableRefills3[[#This Row],[prev_refill_end]]) -> 2 | I4: =IF(TableRefills3[[#This Row],[gap_days]]="",0,IF(TableRefills3[[#This Row],[gap_days]]>30,1,0)) -> 0 | J4: =_xlfn.MAXIFS(TableRefills3[discountinuation_flag], TableRefills3[patient_id], A4) -> 0 | K4: =_xlfn.MINIFS(C:C,A:A,TableRefills3[[#This Row],[patient_id]]) -> 45761 | L4: =TableRefills3[[#This Row],[refill_date]]+TableRefills3[[#This Row],[quantity_days]] -> 45852
A5: P00002 | B5: RX000002 | C5: 45667 | D5: =IF(A5=A4, D4+1, 1) -> 1 | E5: 28 | F5: =IF(A4=A5,C4,"") | G5: =IF(TableRefills3[[#This Row],[prev_refill_days]]="","",TableRefills3[[#This Row],[prev_refill_days]]+TableRefills3[[#This Row],[quantity_days]]) | H5: =IF(TableRefills3[[#This Row],[prev_refill_end]]="","",TableRefills3[[#This Row],[refill_date]]-TableRefills3[[#This Row],[prev_refill_end]]) | I5: =IF(TableRefills3[[#This Row],[gap_days]]="",0,IF(TableRefills3[[#This Row],[gap_days]]>30,1,0)) -> 0 | J5: =_xlfn.MAXIFS(TableRefills3[discountinuation_flag], TableRefills3[patient_id], A5) -> 0 | K5: =_xlfn.MINIFS(C:C,A:A,TableRefills3[[#This Row],[patient_id]]) -> 45667 | L5: =TableRefills3[[#This Row],[refill_date]]+TableRefills3[[#This Row],[quantity_days]] -> 45695
A6: P00002 | B6: RX000002 | C6: 45694 | D6: =IF(A6=A5, D5+1, 1) -> 2 | E6: 28 | F6: =IF(A5=A6,C5,"") -> 45667 | G6: =IF(TableRefills3[[#This Row],[prev_refill_days]]="","",TableRefills3[[#This Row],[prev_refill_days]]+TableRefills3[[#This Row],[quantity_days]]) -> 45695 | H6: =IF(TableRefills3[[#This Row],[prev_refill_end]]="","",TableRefills3[[#This Row],[refill_date]]-TableRefills3[[#This Row],[prev_refill_end]]) -> -1 | I6: =IF(TableRefills3[[#This Row],[gap_days]]="",0,IF(TableRefills3[[#This Row],[gap_days]]>30,1,0)) -> 0 | J6: =_xlfn.MAXIFS(TableRefills3[discountinuation_flag], TableRefills3[patient_id], A6) -> 0 | K6: =_xlfn.MINIFS(C:C,A:A,TableRefills3[[#This Row],[patient_id]]) -> 45667 | L6: =TableRefills3[[#This Row],[refill_date]]+TableRefills3[[#This Row],[quantity_days]] -> 45722
A7: P00002 | B7: RX000002 | C7: 45724 | D7: =IF(A7=A6, D6+1, 1) -> 3 | E7: 28 | F7: =IF(A6=A7,C6,"") -> 45694 | G7: =IF(TableRefills3[[#This Row],[prev_refill_days]]="","",TableRefills3[[#This Row],[prev_refill_days]]+TableRefills3[[#This Row],[quantity_days]]) -> 45722 | H7: =IF(TableRefills3[[#This Row],[prev_refill_end]]="","",TableRefills3[[#This Row],[refill_date]]-TableRefills3[[#This Row],[prev_refill_end]]) -> 2 | I7: =IF(TableRefills3[[#This Row],[gap_days]]="",0,IF(TableRefills3[[#This Row],[gap_days]]>30,1,0)) -> 0 | J7: =_xlfn.MAXIFS(TableRefills3[discountinuation_flag], TableRefills3[patient_id], A7) -> 0 | K7: =_xlfn.MINIFS(C:C,A:A,TableRefills3[[#This Row],[patient_id]]) -> 45667 | L7: =TableRefills3[[#This Row],[refill_date]]+TableRefills3[[#This Row],[quantity_days]] -> 45752
A8: P00002 | B8: RX000002 | C8: 45750 | D8: =IF(A8=A7, D7+1, 1) -> 4 | E8: 28 | F8: =IF(A7=A8,C7,"") -> 45724 | G8: =IF(TableRefills3[[#This Row],[prev_refill_days]]="","",TableRefills3[[#This Row],[prev_refill_days]]+TableRefills3[[#This Row],[quantity_days]]) -> 45752 | H8: =IF(TableRefills3[[#This Row],[prev_refill_end]]="","",TableRefills3[[#This Row],[refill_date]]-TableRefills3[[#This Row],[prev_refill_end]]) -> -2 | I8: =IF(TableRefills3[[#This Row],[gap_days]]="",0,IF(TableRefills3[[#This Row],[gap_days]]>30,1,0)) -> 0 | J8: =_xlfn.MAXIFS(TableRefills3[discountinuation_flag], TableRefills3[patient_id], A8) -> 0 | K8: =_xlfn.MINIFS(C:C,A:A,TableRefills3[[#This Row],[patient_id]]) -> 45667 | L8: =TableRefills3[[#This Row],[refill_date]]+TableRefills3[[#This Row],[quantity_days]] -> 45778
A9: P00002 | B9: RX000002 | C9: 45775 | D9: =IF(A9=A8, D8+1, 1) -> 5 | E9: 28 | F9: =IF(A8=A9,C8,"") -> 45750 | G9: =IF(TableRefills3[[#This Row],[prev_refill_days]]="","",TableRefills3[[#This Row],[prev_refill_days]]+TableRefills3[[#This Row],[quantity_days]]) -> 45778 | H9: =IF(TableRefills3[[#This Row],[prev_refill_end]]="","",TableRefills3[[#This Row],[refill_date]]-TableRefills3[[#This Row],[prev_refill_end]]) -> -3 | I9: =IF(TableRefills3[[#This Row],[gap_days]]="",0,IF(TableRefills3[[#This Row],[gap_days]]>30,1,0)) -> 0 | J9: =_xlfn.MAXIFS(TableRefills3[discountinuation_flag], TableRefills3[patient_id], A9) -> 0 | K9: =_xlfn.MINIFS(C:C,A:A,TableRefills3[[#This Row],[patient_id]]) -> 45667 | L9: =TableRefills3[[#This Row],[refill_date]]+TableRefills3[[#This Row],[quantity_days]] -> 45803
A10: P00002 | B10: RX000002 | C10: 45801 | D10: =IF(A10=A9, D9+1, 1) -> 6 | E10: 28 | F10: =IF(A9=A10,C9,"") -> 45775 | G10: =IF(TableRefills3[[#This Row],[prev_refill_days]]="","",TableRefills3[[#This Row],[prev_refill_days]]+TableRefills3[[#This Row],[quantity_days]]) -> 45803 | H10: =IF(TableRefills3[[#This Row],[prev_refill_end]]="","",TableRefills3[[#This Row],[refill_date]]-TableRefills3[[#This Row],[prev_refill_end]]) -> -2 | I10: =IF(TableRefills3[[#This Row],[gap_days]]="",0,IF(TableRefills3[[#This Row],[gap_days]]>30,1,0)) -> 0 | J10: =_xlfn.MAXIFS(TableRefills3[discountinuation_flag], TableRefills3[patient_id], A10) -> 0 | K10: =_xlfn.MINIFS(C:C,A:A,TableRefills3[[#This Row],[patient_id]]) -> 45667 | L10: =TableRefills3[[#This Row],[refill_date]]+TableRefills3[[#This Row],[quantity_days]] -> 45829
A11: P00003 | B11: RX000003 | C11: 45804 | D11: =IF(A11=A10, D10+1, 1) -> 1 | E11: 30 | F11: =IF(A10=A11,C10,"") | G11: =IF(TableRefills3[[#This Row],[prev_refill_days]]="","",TableRefills3[[#This Row],[prev_refill_days]]+TableRefills3[[#This Row],[quantity_days]]) | H11: =IF(TableRefills3[[#This Row],[prev_refill_end]]="","",TableRefills3[[#This Row],[refill_date]]-TableRefills3[[#This Row],[prev_refill_end]]) | I11: =IF(TableRefills3[[#This Row],[gap_days]]="",0,IF(TableRefills3[[#This Row],[gap_days]]>30,1,0)) -> 0 | J11: =_xlfn.MAXIFS(TableRefills3[discountinuation_flag], TableRefills3[patient_id], A11) -> 0 | K11: =_xlfn.MINIFS(C:C,A:A,TableRefills3[[#This Row],[patient_id]]) -> 45804 | L11: =TableRefills3[[#This Row],[refill_date]]+TableRefills3[[#This Row],[quantity_days]] -> 45834
A12: P00003 | B12: RX000003 | C12: 45835 | D12: =IF(A12=A11, D11+1, 1) -> 2 | E12: 30 | F12: =IF(A11=A12,C11,"") -> 45804 | G12: =IF(TableRefills3[[#This Row],[prev_refill_days]]="","",TableRefills3[[#This Row],[prev_refill_days]]+TableRefills3[[#This Row],[quantity_days]]) -> 45834 | H12: =IF(TableRefills3[[#This Row],[prev_refill_end]]="","",TableRefills3[[#This Row],[refill_date]]-TableRefills3[[#This Row],[prev_refill_end]]) -> 1 | I12: =IF(TableRefills3[[#This Row],[gap_days]]="",0,IF(TableRefills3[[#This Row],[gap_days]]>30,1,0)) -> 0 | J12: =_xlfn.MAXIFS(TableRefills3[discountinuation_flag], TableRefills3[patient_id], A12) -> 0 | K12: =_xlfn.MINIFS(C:C,A:A,TableRefills3[[#This Row],[patient_id]]) -> 45804 | L12: =TableRefills3[[#This Row],[refill_date]]+TableRefills3[[#This Row],[quantity_days]] -> 45865
A13: P00003 | B13: RX000003 | C13: 45863 | D13: =IF(A13=A12, D12+1, 1) -> 3 | E13: 30 | F13: =IF(A12=A13,C12,"") -> 45835 | G13: =IF(TableRefills3[[#This Row],[prev_refill_days]]="","",TableRefills3[[#This Row],[prev_refill_days]]+TableRefills3[[#This Row],[quantity_days]]) -> 45865 | H13: =IF(TableRefills3[[#This Row],[prev_refill_end]]="","",TableRefills3[[#This Row],[refill_date]]-TableRefills3[[#This Row],[prev_refill_end]]) -> -2 | I13: =IF(TableRefills3[[#This Row],[gap_days]]="",0,IF(TableRefills3[[#This Row],[gap_days]]>30,1,0)) -> 0 | J13: =_xlfn.MAXIFS(TableRefills3[discountinuation_flag], TableRefills3[patient_id], A13) -> 0 | K13: =_xlfn.MINIFS(C:C,A:A,TableRefills3[[#This Row],[patient_id]]) -> 45804 | L13: =TableRefills3[[#This Row],[refill_date]]+TableRefills3[[#This Row],[quantity_days]] -> 45893
... A4538: P01000 | B4538: RX001000 | C4538: 45734 | D4538: =IF(A4538=A4537, D4537+1, 1) -> 3 | E4538: 28 | F4538: =IF(A4537=A4538,C4537,"") -> 45706 | G4538: =IF(TableRefills3[[#This Row],[prev_refill_days]]="","",TableRefills3[[#This Row],[prev_refill_days]]+TableRefills3[[#This Row],[quantity_days]]) -> 45734 | H4538: =IF(TableRefills3[[#This Row],[prev_refill_end]]="","",TableRefills3[[#This Row],[refill_date]]-TableRefills3[[#This Row],[prev_refill_end]]) -> 0 | I4538: =IF(TableRefills3[[#This Row],[gap_days]]="",0,IF(TableRefills3[[#This Row],[gap_days]]>30,1,0)) -> 0 | J4538: =_xlfn.MAXIFS(TableRefills3[discountinuation_flag], TableRefills3[patient_id], A4538) -> 0 | K4538: =_xlfn.MINIFS(C:C,A:A,TableRefills3[[#This Row],[patient_id]]) -> 45675 | L4538: =TableRefills3[[#This Row],[refill_date]]+TableRefills3[[#This Row],[quantity_days]] -> 45762

Sheet Pivot_Refill
A3: Row Labels | B3: Unique Count | C3: Refill_Rows
A4: 1 | B4: 1000 | C4: 1000
A5: 2 | B5: 1000 | C5: 1000
A6: 3 | B6: 1000 | C6: 1000
A7: 4 | B7: 751 | C7: 751
A8: 5 | B8: 517 | C8: 517
A9: 6 | B9: 269 | C9: 269
A10: Grand Total | B10: 1000 | C10: 4537
F11: The drop-off after 3rd refill in refill counts indicates attrition, but without mortality or switching data, we cannot conclude true clinical discontinuation. It may reflect censoring or observation window limitations.

Sheet Patient_QC
A1: patient_id | B1: age | C1: gender | D1: primary_region | E1: comorbidities | F1: total_quantity_days | G1: Therepy_Start_Date | H1: Refill_end_date | I1: Therepy_end_date | J1: Window Days | K1: MPR | L1: PDC_approx | M1: PDC_flag_over1 | N1: ever_discontinued | O1: anomaly_flags
A2: P00001 | B2: 68 | C2: Female | D2: East | E2: Hypertension | F2: =SUMIFS('Refill Gap Model'!E:E,'Refill Gap Model'!A:A,TableRefills3[[#This Row],[patient_id]]) -> 90 | G2: =_xlfn.MINIFS('Refill Gap Model'!C:C,'Refill Gap Model'!A:A,TableRefills3[[#This Row],[patient_id]]) -> 45761 | H2: =_xlfn.MAXIFS('Refill Gap Model'!C:C,'Refill Gap Model'!A:A,A2)+TableRefills3[[#This Row],[quantity_days]] -> 45852 | I2: =_xlfn.MAXIFS('Refill Gap Model'!L:L,'Refill Gap Model'!A:A,TableRefills3[[#This Row],[patient_id]]) -> 45852 | J2: =Patient_QC[[#This Row],[Therepy_end_date]]-Patient_QC[[#This Row],[Therepy_Start_Date]] -> 91 | K2: =Patient_QC[[#This Row],[total_quantity_days]]/Patient_QC[[#This Row],[Window Days]] -> 0.98901099 | L2: =MIN(1,Patient_QC[[#This Row],[MPR]]) -> 0.98901099 | M2: =IF(Patient_QC[[#This Row],[MPR]]>1,1,0) -> 0 | N2: =_xlfn.MAXIFS('Refill Gap Model'!I:I,'Refill Gap Model'!A:A,TableRefills3[[#This Row],[patient_id]]) -> 0 | O2: =IF(Patient_QC[[#This Row],[MPR]]>1.2,"High MPR; ","") & IF(Patient_QC[[#This Row],[ever_discontinued]]=1,"Discontinued; ","") & IF(Patient_QC[[#This Row],[Window Days]]=0,"No Supply; ","")
A3: P00002 | B3: 81 | C3: Male | D3: East | E3: Diabetes | F3: =SUMIFS('Refill Gap Model'!E:E,'Refill Gap Model'!A:A,TableRefills3[[#This Row],[patient_id]]) -> 90 | G3: =_xlfn.MINIFS('Refill Gap Model'!C:C,'Refill Gap Model'!A:A,TableRefills3[[#This Row],[patient_id]]) -> 45761 | H3: =_xlfn.MAXIFS('Refill Gap Model'!C:C,'Refill Gap Model'!A:A,A3)+TableRefills3[[#This Row],[quantity_days]] -> 45831 | I3: =_xlfn.MAXIFS('Refill Gap Model'!L:L,'Refill Gap Model'!A:A,TableRefills3[[#This Row],[patient_id]]) -> 45852 | J3: =Patient_QC[[#This Row],[Therepy_end_date]]-Patient_QC[[#This Row],[Therepy_Start_Date]] -> 91 | K3: =Patient_QC[[#This Row],[total_quantity_days]]/Patient_QC[[#This Row],[Window Days]] -> 0.98901099 | L3: =MIN(1,Patient_QC[[#This Row],[MPR]]) -> 0.98901099 | M3: =IF(Patient_QC[[#This Row],[MPR]]>1,1,0) -> 0 | N3: =_xlfn.MAXIFS('Refill Gap Model'!I:I,'Refill Gap Model'!A:A,TableRefills3[[#This Row],[patient_id]]) -> 0 | O3: =IF(Patient_QC[[#This Row],[MPR]]>1.2,"High MPR; ","") & IF(Patient_QC[[#This Row],[ever_discontinued]]=1,"Discontinued; ","") & IF(Patient_QC[[#This Row],[Window Days]]=0,"No Supply; ","")
A4: P00003 | B4: 58 | C4: Female | D4: West | E4: Diabetes | F4: =SUMIFS('Refill Gap Model'!E:E,'Refill Gap Model'!A:A,TableRefills3[[#This Row],[patient_id]]) -> 90 | G4: =_xlfn.MINIFS('Refill Gap Model'!C:C,'Refill Gap Model'!A:A,TableRefills3[[#This Row],[patient_id]]) -> 45761 | H4: =_xlfn.MAXIFS('Refill Gap Model'!C:C,'Refill Gap Model'!A:A,A4)+TableRefills3[[#This Row],[quantity_days]] -> 45954 | I4: =_xlfn.MAXIFS('Refill Gap Model'!L:L,'Refill Gap Model'!A:A,TableRefills3[[#This Row],[patient_id]]) -> 45852 | J4: =Patient_QC[[#This Row],[Therepy_end_date]]-Patient_QC[[#This Row],[Therepy_Start_Date]] -> 91 | K4: =Patient_QC[[#This Row],[total_quantity_days]]/Patient_QC[[#This Row],[Window Days]] -> 0.98901099 | L4: =MIN(1,Patient_QC[[#This Row],[MPR]]) -> 0.98901099 | M4: =IF(Patient_QC[[#This Row],[MPR]]>1,1,0) -> 0 | N4: =_xlfn.MAXIFS('Refill Gap Model'!I:I,'Refill Gap Model'!A:A,TableRefills3[[#This Row],[patient_id]]) -> 0 | O4: =IF(Patient_QC[[#This Row],[MPR]]>1.2,"High MPR; ","") & IF(Patient_QC[[#This Row],[ever_discontinued]]=1,"Discontinued; ","") & IF(Patient_QC[[#This Row],[Window Days]]=0,"No Supply; ","")
A5: P00004 | B5: 44 | C5: Female | D5: West | E5: Hypertension | F5: =SUMIFS('Refill Gap Model'!E:E,'Refill Gap Model'!A:A,TableRefills3[[#This Row],[patient_id]]) -> 168 | G5: =_xlfn.MINIFS('Refill Gap Model'!C:C,'Refill Gap Model'!A:A,TableRefills3[[#This Row],[patient_id]]) -> 45667 | H5: =_xlfn.MAXIFS('Refill Gap Model'!C:C,'Refill Gap Model'!A:A,A5)+TableRefills3[[#This Row],[quantity_days]] -> 45914 | I5: =_xlfn.MAXIFS('Refill Gap Model'!L:L,'Refill Gap Model'!A:A,TableRefills3[[#This Row],[patient_id]]) -> 45829 | J5: =Patient_QC[[#This Row],[Therepy_end_date]]-Patient_QC[[#This Row],[Therepy_Start_Date]] -> 162 | K5: =Patient_QC[[#This Row],[total_quantity_days]]/Patient_QC[[#This Row],[Window Days]] -> 1.037037 | L5: =MIN(1,Patient_QC[[#This Row],[MPR]]) -> 1 | M5: =IF(Patient_QC[[#This Row],[MPR]]>1,1,0) -> 1 | N5: =_xlfn.MAXIFS('Refill Gap Model'!I:I,'Refill Gap Model'!A:A,TableRefills3[[#This Row],[patient_id]]) -> 0 | O5: =IF(Patient_QC[[#This Row],[MPR]]>1.2,"High MPR; ","") & IF(Patient_QC[[#This Row],[ever_discontinued]]=1,"Discontinued; ","") & IF(Patient_QC[[#This Row],[Window Days]]=0,"No Supply; ","")
A6: P00005 | B6: 72 | C6: Male | D6: North | E6: CKD | F6: =SUMIFS('Refill Gap Model'!E:E,'Refill Gap Model'!A:A,TableRefills3[[#This Row],[patient_id]]) -> 168 | G6: =_xlfn.MINIFS('Refill Gap Model'!C:C,'Refill Gap Model'!A:A,TableRefills3[[#This Row],[patient_id]]) -> 45667 | H6: =_xlfn.MAXIFS('Refill Gap Model'!C:C,'Refill Gap Model'!A:A,A6)+TableRefills3[[#This Row],[quantity_days]] -> 45943 | I6: =_xlfn.MAXIFS('Refill Gap Model'!L:L,'Refill Gap Model'!A:A,TableRefills3[[#This Row],[patient_id]]) -> 45829 | J6: =Patient_QC[[#This Row],[Therepy_end_date]]-Patient_QC[[#This Row],[Therepy_Start_Date]] -> 162 | K6: =Patient_QC[[#This Row],[total_quantity_days]]/Patient_QC[[#This Row],[Window Days]] -> 1.037037 | L6: =MIN(1,Patient_QC[[#This Row],[MPR]]) -> 1 | M6: =IF(Patient_QC[[#This Row],[MPR]]>1,1,0) -> 1 | N6: =_xlfn.MAXIFS('Refill Gap Model'!I:I,'Refill Gap Model'!A:A,TableRefills3[[#This Row],[patient_id]]) -> 0 | O6: =IF(Patient_QC[[#This Row],[MPR]]>1.2,"High MPR; ","") & IF(Patient_QC[[#This Row],[ever_discontinued]]=1,"Discontinued; ","") & IF(Patient_QC[[#This Row],[Window Days]]=0,"No Supply; ","")
A7: P00006 | B7: 37 | C7: Male | D7: North | E7: Diabetes | F7: =SUMIFS('Refill Gap Model'!E:E,'Refill Gap Model'!A:A,TableRefills3[[#This Row],[patient_id]]) -> 168 | G7: =_xlfn.MINIFS('Refill Gap Model'!C:C,'Refill Gap Model'!A:A,TableRefills3[[#This Row],[patient_id]]) -> 45667 | H7: =_xlfn.MAXIFS('Refill Gap Model'!C:C,'Refill Gap Model'!A:A,A7)+TableRefills3[[#This Row],[quantity_days]] -> 45995 | I7: =_xlfn.MAXIFS('Refill Gap Model'!L:L,'Refill Gap Model'!A:A,TableRefills3[[#This Row],[patient_id]]) -> 45829 | J7: =Patient_QC[[#This Row],[Therepy_end_date]]-Patient_QC[[#This Row],[Therepy_Start_Date]] -> 162 | K7: =Patient_QC[[#This Row],[total_quantity_days]]/Patient_QC[[#This Row],[Window Days]] -> 1.037037 | L7: =MIN(1,Patient_QC[[#This Row],[MPR]]) -> 1 | M7: =IF(Patient_QC[[#This Row],[MPR]]>1,1,0) -> 1 | N7: =_xlfn.MAXIFS('Refill Gap Model'!I:I,'Refill Gap Model'!A:A,TableRefills3[[#This Row],[patient_id]]) -> 0 | O7: =IF(Patient_QC[[#This Row],[MPR]]>1.2,"High MPR; ","") & IF(Patient_QC[[#This Row],[ever_discontinued]]=1,"Discontinued; ","") & IF(Patient_QC[[#This Row],[Window Days]]=0,"No Supply; ","")
A8: P00007 | B8: 50 | C8: Female | D8: South | E8: Hypertension | F8: =SUMIFS('Refill Gap Model'!E:E,'Refill Gap Model'!A:A,TableRefills3[[#This Row],[patient_id]]) -> 168 | G8: =_xlfn.MINIFS('Refill Gap Model'!C:C,'Refill Gap Model'!A:A,TableRefills3[[#This Row],[patient_id]]) -> 45667 | H8: =_xlfn.MAXIFS('Refill Gap Model'!C:C,'Refill Gap Model'!A:A,A8)+TableRefills3[[#This Row],[quantity_days]] -> 45914 | I8: =_xlfn.MAXIFS('Refill Gap Model'!L:L,'Refill Gap Model'!A:A,TableRefills3[[#This Row],[patient_id]]) -> 45829 | J8: =Patient_QC[[#This Row],[Therepy_end_date]]-Patient_QC[[#This Row],[Therepy_Start_Date]] -> 162 | K8: =Patient_QC[[#This Row],[total_quantity_days]]/Patient_QC[[#This Row],[Window Days]] -> 1.037037 | L8: =MIN(1,Patient_QC[[#This Row],[MPR]]) -> 1 | M8: =IF(Patient_QC[[#This Row],[MPR]]>1,1,0) -> 1 | N8: =_xlfn.MAXIFS('Refill Gap Model'!I:I,'Refill Gap Model'!A:A,TableRefills3[[#This Row],[patient_id]]) -> 0 | O8: =IF(Patient_QC[[#This Row],[MPR]]>1.2,"High MPR; ","") & IF(Patient_QC[[#This Row],[ever_discontinued]]=1,"Discontinued; ","") & IF(Patient_QC[[#This Row],[Window Days]]=0,"No Supply; ","")
A9: P00008 | B9: 68 | C9: Male | D9: South | E9: Hypertension | F9: =SUMIFS('Refill Gap Model'!E:E,'Refill Gap Model'!A:A,TableRefills3[[#This Row],[patient_id]]) -> 168 | G9: =_xlfn.MINIFS('Refill Gap Model'!C:C,'Refill Gap Model'!A:A,TableRefills3[[#This Row],[patient_id]]) -> 45667 | H9: =_xlfn.MAXIFS('Refill Gap Model'!C:C,'Refill Gap Model'!A:A,A9)+TableRefills3[[#This Row],[quantity_days]] -> 45964 | I9: =_xlfn.MAXIFS('Refill Gap Model'!L:L,'Refill Gap Model'!A:A,TableRefills3[[#This Row],[patient_id]]) -> 45829 | J9: =Patient_QC[[#This Row],[Therepy_end_date]]-Patient_QC[[#This Row],[Therepy_Start_Date]] -> 162 | K9: =Patient_QC[[#This Row],[total_quantity_days]]/Patient_QC[[#This Row],[Window Days]] -> 1.037037 | L9: =MIN(1,Patient_QC[[#This Row],[MPR]]) -> 1 | M9: =IF(Patient_QC[[#This Row],[MPR]]>1,1,0) -> 1 | N9: =_xlfn.MAXIFS('Refill Gap Model'!I:I,'Refill Gap Model'!A:A,TableRefills3[[#This Row],[patient_id]]) -> 0 | O9: =IF(Patient_QC[[#This Row],[MPR]]>1.2,"High MPR; ","") & IF(Patient_QC[[#This Row],[ever_discontinued]]=1,"Discontinued; ","") & IF(Patient_QC[[#This Row],[Window Days]]=0,"No Supply; ","")
A10: P00009 | B10: 48 | C10: Female | D10: South | E10: CKD | F10: =SUMIFS('Refill Gap Model'!E:E,'Refill Gap Model'!A:A,TableRefills3[[#This Row],[patient_id]]) -> 168 | G10: =_xlfn.MINIFS('Refill Gap Model'!C:C,'Refill Gap Model'!A:A,TableRefills3[[#This Row],[patient_id]]) -> 45667 | H10: =_xlfn.MAXIFS('Refill Gap Model'!C:C,'Refill Gap Model'!A:A,A10)+TableRefills3[[#This Row],[quantity_days]] -> 45835 | I10: =_xlfn.MAXIFS('Refill Gap Model'!L:L,'Refill Gap Model'!A:A,TableRefills3[[#This Row],[patient_id]]) -> 45829 | J10: =Patient_QC[[#This Row],[Therepy_end_date]]-Patient_QC[[#This Row],[Therepy_Start_Date]] -> 162 | K10: =Patient_QC[[#This Row],[total_quantity_days]]/Patient_QC[[#This Row],[Window Days]] -> 1.037037 | L10: =MIN(1,Patient_QC[[#This Row],[MPR]]) -> 1 | M10: =IF(Patient_QC[[#This Row],[MPR]]>1,1,0) -> 1 | N10: =_xlfn.MAXIFS('Refill Gap Model'!I:I,'Refill Gap Model'!A:A,TableRefills3[[#This Row],[patient_id]]) -> 0 | O10: =IF(Patient_QC[[#This Row],[MPR]]>1.2,"High MPR; ","") & IF(Patient_QC[[#This Row],[ever_discontinued]]=1,"Discontinued; ","") & IF(Patient_QC[[#This Row],[Window Days]]=0,"No Supply; ","")
A11: P00010 | B11: 52 | C11: Female | D11: North | E11: Hypertension | F11: =SUMIFS('Refill Gap Model'!E:E,'Refill Gap Model'!A:A,TableRefills3[[#This Row],[patient_id]]) -> 150 | G11: =_xlfn.MINIFS('Refill Gap Model'!C:C,'Refill Gap Model'!A:A,TableRefills3[[#This Row],[patient_id]]) -> 45804 | H11: =_xlfn.MAXIFS('Refill Gap Model'!C:C,'Refill Gap Model'!A:A,A11)+TableRefills3[[#This Row],[quantity_days]] -> 45795 | I11: =_xlfn.MAXIFS('Refill Gap Model'!L:L,'Refill Gap Model'!A:A,TableRefills3[[#This Row],[patient_id]]) -> 45954 | J11: =Patient_QC[[#This Row],[Therepy_end_date]]-Patient_QC[[#This Row],[Therepy_Start_Date]] -> 150 | K11: =Patient_QC[[#This Row],[total_quantity_days]]/Patient_QC[[#This Row],[Window Days]] -> 1 | L11: =MIN(1,Patient_QC[[#This Row],[MPR]]) -> 1 | M11: =IF(Patient_QC[[#This Row],[MPR]]>1,1,0) -> 0 | N11: =_xlfn.MAXIFS('Refill Gap Model'!I:I,'Refill Gap Model'!A:A,TableRefills3[[#This Row],[patient_id]]) -> 0 | O11: =IF(Patient_QC[[#This Row],[MPR]]>1.2,"High MPR; ","") & IF(Patient_QC[[#This Row],[ever_discontinued]]=1,"Discontinued; ","") & IF(Patient_QC[[#This Row],[Window Days]]=0,"No Supply; ","")
A12: P00011 | B12: 40 | C12: Male | D12: South | E12: Hypertension | F12: =SUMIFS('Refill Gap Model'!E:E,'Refill Gap Model'!A:A,TableRefills3[[#This Row],[patient_id]]) -> 150 | G12: =_xlfn.MINIFS('Refill Gap Model'!C:C,'Refill Gap Model'!A:A,TableRefills3[[#This Row],[patient_id]]) -> 45804 | H12: =_xlfn.MAXIFS('Refill Gap Model'!C:C,'Refill Gap Model'!A:A,A12)+TableRefills3[[#This Row],[quantity_days]] -> 45800 | I12: =_xlfn.MAXIFS('Refill Gap Model'!L:L,'Refill Gap Model'!A:A,TableRefills3[[#This Row],[patient_id]]) -> 45954 | J12: =Patient_QC[[#This Row],[Therepy_end_date]]-Patient_QC[[#This Row],[Therepy_Start_Date]] -> 150 | K12: =Patient_QC[[#This Row],[total_quantity_days]]/Patient_QC[[#This Row],[Window Days]] -> 1 | L12: =MIN(1,Patient_QC[[#This Row],[MPR]]) -> 1 | M12: =IF(Patient_QC[[#This Row],[MPR]]>1,1,0) -> 0 | N12: =_xlfn.MAXIFS('Refill Gap Model'!I:I,'Refill Gap Model'!A:A,TableRefills3[[#This Row],[patient_id]]) -> 0 | O12: =IF(Patient_QC[[#This Row],[MPR]]>1.2,"High MPR; ","") & IF(Patient_QC[[#This Row],[ever_discontinued]]=1,"Discontinued; ","") & IF(Patient_QC[[#This Row],[Window Days]]=0,"No Supply; ","")
A13: P00012 | B13: 40 | C13: Male | D13: North | E13: Diabetes | F13: =SUMIFS('Refill Gap Model'!E:E,'Refill Gap Model'!A:A,TableRefills3[[#This Row],[patient_id]]) -> 150 | G13: =_xlfn.MINIFS('Refill Gap Model'!C:C,'Refill Gap Model'!A:A,TableRefills3[[#This Row],[patient_id]]) -> 45804 | H13: =_xlfn.MAXIFS('Refill Gap Model'!C:C,'Refill Gap Model'!A:A,A13)+TableRefills3[[#This Row],[quantity_days]] -> 45827 | I13: =_xlfn.MAXIFS('Refill Gap Model'!L:L,'Refill Gap Model'!A:A,TableRefills3[[#This Row],[patient_id]]) -> 45954 | J13: =Patient_QC[[#This Row],[Therepy_end_date]]-Patient_QC[[#This Row],[Therepy_Start_Date]] -> 150 | K13: =Patient_QC[[#This Row],[total_quantity_days]]/Patient_QC[[#This Row],[Window Days]] -> 1 | L13: =MIN(1,Patient_QC[[#This Row],[MPR]]) -> 1 | M13: =IF(Patient_QC[[#This Row],[MPR]]>1,1,0) -> 0 | N13: =_xlfn.MAXIFS('Refill Gap Model'!I:I,'Refill Gap Model'!A:A,TableRefills3[[#This Row],[patient_id]]) -> 0 | O13: =IF(Patient_QC[[#This Row],[MPR]]>1.2,"High MPR; ","") & IF(Patient_QC[[#This Row],[ever_discontinued]]=1,"Discontinued; ","") & IF(Patient_QC[[#This Row],[Window Days]]=0,"No Supply; ","")
... A1001: P01000 | B1001: 61 | C1001: Female | D1001: East | E1001: Hypertension | F1001: =SUMIFS('Refill Gap Model'!E:E,'Refill Gap Model'!A:A,TableRefills3[[#This Row],[patient_id]]) -> 90 | G1001: =_xlfn.MINIFS('Refill Gap Model'!C:C,'Refill Gap Model'!A:A,TableRefills3[[#This Row],[patient_id]]) -> 45819 | H1001: =_xlfn.MAXIFS('Refill Gap Model'!C:C,'Refill Gap Model'!A:A,A1001)+TableRefills3[[#This Row],[quantity_days]] -> 45764 | I1001: =_xlfn.MAXIFS('Refill Gap Model'!L:L,'Refill Gap Model'!A:A,TableRefills3[[#This Row],[patient_id]]) -> 45910 | J1001: =Patient_QC[[#This Row],[Therepy_end_date]]-Patient_QC[[#This Row],[Therepy_Start_Date]] -> 91 | K1001: =Patient_QC[[#This Row],[total_quantity_days]]/Patient_QC[[#This Row],[Window Days]] -> 0.98901099 | L1001: =MIN(1,Patient_QC[[#This Row],[MPR]]) -> 0.98901099 | M1001: =IF(Patient_QC[[#This Row],[MPR]]>1,1,0) -> 0 | N1001: =_xlfn.MAXIFS('Refill Gap Model'!I:I,'Refill Gap Model'!A:A,TableRefills3[[#This Row],[patient_id]]) -> 0 | O1001: =IF(Patient_QC[[#This Row],[MPR]]>1.2,"High MPR; ","") & IF(Patient_QC[[#This Row],[ever_discontinued]]=1,"Discontinued; ","") & IF(Patient_QC[[#This Row],[Window Days]]=0,"No Supply; ","")

Sheet RAW Data_HCP
A1: hcp_id | B1: name | C1: specialty | D1: region
A2: HCP001 | B2: Dr_1 | C2: Hematology-Oncology | D2: North
A3: HCP002 | B3: Dr_2 | C3: Medical Oncology | D3: East
A4: HCP003 | B4: Dr_3 | C4: Medical Oncology | D4: South
A5: HCP004 | B5: Dr_4 | C5: Medical Oncology | D5: North
A6: HCP005 | B6: Dr_5 | C6: Hematology-Oncology | D6: North
A7: HCP006 | B7: Dr_6 | C7: Hematology-Oncology | D7: West
A8: HCP007 | B8: Dr_7 | C8: Medical Oncology | D8: North
A9: HCP008 | B9: Dr_8 | C9: Medical Oncology | D9: South
A10: HCP009 | B10: Dr_9 | C10: Medical Oncology | D10: North
A11: HCP010 | B11: Dr_10 | C11: Hematology-Oncology | D11: South
A12: HCP011 | B12: Dr_11 | C12: Hematology-Oncology | D12: West
... A151: HCP150 | B151: Dr_150 | C151: Hematology-Oncology | D151: North

Sheet PivotByHCP
A3: hcp_id | B3: name | C3: speciality | D3: region | E3: Count | F3: New_patient | G3: tier
A4: HCP001 | B4: Dr_1 | C4: Hematology-Oncology | D4: North | E4: 1 | F4: 1 | G4: =IF(E4>10,"Tier 1",IF(E4>=5,"Tier 2","Tier 3")) -> Tier 3
A5: HCP002 | B5: Dr_2 | C5: Medical Oncology | D5: East | E5: 11 | F5: 11 | G5: =IF(E5>10,"Tier 1",IF(E5>=5,"Tier 2","Tier 3")) -> Tier 1
A6: HCP003 | B6: Dr_3 | C6: Medical Oncology | D6: South | E6: 10 | F6: 10 | G6: =IF(E6>10,"Tier 1",IF(E6>=5,"Tier 2","Tier 3")) -> Tier 2
A7: HCP004 | B7: Dr_4 | C7: Medical Oncology | D7: North | E7: 7 | F7: 7 | G7: =IF(E7>10,"Tier 1",IF(E7>=5,"Tier 2","Tier 3")) -> Tier 2
A8: HCP005 | B8: Dr_5 | C8: Hematology-Oncology | D8: North | E8: 9 | F8: 9 | G8: =IF(E8>10,"Tier 1",IF(E8>=5,"Tier 2","Tier 3")) -> Tier 2
A9: HCP006 | B9: Dr_6 | C9: Hematology-Oncology | D9: West | E9: 4 | F9: 4 | G9: =IF(E9>10,"Tier 1",IF(E9>=5,"Tier 2","Tier 3")) -> Tier 3
A10: HCP007 | B10: Dr_7 | C10: Medical Oncology | D10: North | E10: 3 | F10: 3 | G10: =IF(E10>10,"Tier 1",IF(E10>=5,"Tier 2","Tier 3")) -> Tier 3
A11: HCP008 | B11: Dr_8 | C11: Medical Oncology | D11: South | E11: 6 | F11: 6 | G11: =IF(E11>10,"Tier 1",IF(E11>=5,"Tier 2","Tier 3")) -> Tier 2
A12: HCP009 | B12: Dr_9 | C12: Medical Oncology | D12: North | E12: 5 | F12: 5 | G12: =IF(E12>10,"Tier 1",IF(E12>=5,"Tier 2","Tier 3")) -> Tier 2
A13: HCP010 | B13: Dr_10 | C13: Hematology-Oncology | D13: South | E13: 8 | F13: 8 | G13: =IF(E13>10,"Tier 1",IF(E13>=5,"Tier 2","Tier 3")) -> Tier 2
A14: HCP011 | B14: Dr_11 | C14: Hematology-Oncology | D14: West | E14: 10 | F14: 10 | G14: =IF(E14>10,"Tier 1",IF(E14>=5,"Tier 2","Tier 3")) -> Tier 2
A15: HCP012 | B15: Dr_12 | C15: Medical Oncology | D15: West | E15: 8 | F15: 8 | G15: =IF(E15>10,"Tier 1",IF(E15>=5,"Tier 2","Tier 3")) -> Tier 2
... A153: HCP150 | B153: Dr_150 | C153: Hematology-Oncology | D153: North | E153: 6 | F153: 6 | G153: =IF(E153>10,"Tier 1",IF(E153>=5,"Tier 2","Tier 3")) -> Tier 2
A154: Grand Total | E154: 1000 | F154: 1000 | G154: =IF(E154>10,"Tier 1",IF(E154>=5,"Tier 2","Tier 3")) -> Tier 1

Sheet Prescriptions
A1: rx_id | B1: patient_id | C1: hcp_id | D1: start_date | E1: name | F1: speciality | G1: region
A2: RX000001 | B2: P00001 | C2: HCP108 | D2: 45761 | E2: =_xlfn.XLOOKUP(C:C,'RAW Data_HCP'!A:A,'RAW Data_HCP'!B:B) -> Dr_108 | F2: =_xlfn.XLOOKUP(C:C,'RAW Data_HCP'!A:A,'RAW Data_HCP'!C:C) -> Medical Oncology | G2: =_xlfn.XLOOKUP(C:C,'RAW Data_HCP'!A:A,'RAW Data_HCP'!D:D) -> West
A3: RX000002 | B3: P00002 | C3: HCP100 | D3: 45667 | E3: =_xlfn.XLOOKUP(C:C,'RAW Data_HCP'!A:A,'RAW Data_HCP'!B:B) -> Dr_100 | F3: =_xlfn.XLOOKUP(C:C,'RAW Data_HCP'!A:A,'RAW Data_HCP'!C:C) -> Medical Oncology | G3: =_xlfn.XLOOKUP(C:C,'RAW Data_HCP'!A:A,'RAW Data_HCP'!D:D) -> North
A4: RX000003 | B4: P00003 | C4: HCP150 | D4: 45804 | E4: =_xlfn.XLOOKUP(C:C,'RAW Data_HCP'!A:A,'RAW Data_HCP'!B:B) -> Dr_150 | F4: =_xlfn.XLOOKUP(C:C,'RAW Data_HCP'!A:A,'RAW Data_HCP'!C:C) -> Hematology-Oncology | G4: =_xlfn.XLOOKUP(C:C,'RAW Data_HCP'!A:A,'RAW Data_HCP'!D:D) -> North
A5: RX000004 | B5: P00004 | C5: HCP049 | D5: 45745 | E5: =_xlfn.XLOOKUP(C:C,'RAW Data_HCP'!A:A,'RAW Data_HCP'!B:B) -> Dr_49 | F5: =_xlfn.XLOOKUP(C:C,'RAW Data_HCP'!A:A,'RAW Data_HCP'!C:C) -> Medical Oncology | G5: =_xlfn.XLOOKUP(C:C,'RAW Data_HCP'!A:A,'RAW Data_HCP'!D:D) -> West
A6: RX000005 | B6: P00005 | C6: HCP057 | D6: 45833 | E6: =_xlfn.XLOOKUP(C:C,'RAW Data_HCP'!A:A,'RAW Data_HCP'!B:B) -> Dr_57 | F6: =_xlfn.XLOOKUP(C:C,'RAW Data_HCP'!A:A,'RAW Data_HCP'!C:C) -> Medical Oncology | G6: =_xlfn.XLOOKUP(C:C,'RAW Data_HCP'!A:A,'RAW Data_HCP'!D:D) -> West
A7: RX000006 | B7: P00006 | C7: HCP137 | D7: 45821 | E7: =_xlfn.XLOOKUP(C:C,'RAW Data_HCP'!A:A,'RAW Data_HCP'!B:B) -> Dr_137 | F7: =_xlfn.XLOOKUP(C:C,'RAW Data_HCP'!A:A,'RAW Data_HCP'!C:C) -> Radiation Oncology | G7: =_xlfn.XLOOKUP(C:C,'RAW Data_HCP'!A:A,'RAW Data_HCP'!D:D) -> South
A8: RX000007 | B8: P00007 | C8: HCP122 | D8: 45829 | E8: =_xlfn.XLOOKUP(C:C,'RAW Data_HCP'!A:A,'RAW Data_HCP'!B:B) -> Dr_122 | F8: =_xlfn.XLOOKUP(C:C,'RAW Data_HCP'!A:A,'RAW Data_HCP'!C:C) -> Medical Oncology | G8: =_xlfn.XLOOKUP(C:C,'RAW Data_HCP'!A:A,'RAW Data_HCP'!D:D) -> East
A9: RX000008 | B9: P00008 | C9: HCP092 | D9: 45787 | E9: =_xlfn.XLOOKUP(C:C,'RAW Data_HCP'!A:A,'RAW Data_HCP'!B:B) -> Dr_92 | F9: =_xlfn.XLOOKUP(C:C,'RAW Data_HCP'!A:A,'RAW Data_HCP'!C:C) -> Hematology-Oncology | G9: =_xlfn.XLOOKUP(C:C,'RAW Data_HCP'!A:A,'RAW Data_HCP'!D:D) -> East
A10: RX000009 | B10: P00009 | C10: HCP077 | D10: 45701 | E10: =_xlfn.XLOOKUP(C:C,'RAW Data_HCP'!A:A,'RAW Data_HCP'!B:B) -> Dr_77 | F10: =_xlfn.XLOOKUP(C:C,'RAW Data_HCP'!A:A,'RAW Data_HCP'!C:C) -> Hematology-Oncology | G10: =_xlfn.XLOOKUP(C:C,'RAW Data_HCP'!A:A,'RAW Data_HCP'!D:D) -> South
A11: RX000010 | B11: P00010 | C11: HCP143 | D11: 45704 | E11: =_xlfn.XLOOKUP(C:C,'RAW Data_HCP'!A:A,'RAW Data_HCP'!B:B) -> Dr_143 | F11: =_xlfn.XLOOKUP(C:C,'RAW Data_HCP'!A:A,'RAW Data_HCP'!C:C) -> Medical Oncology | G11: =_xlfn.XLOOKUP(C:C,'RAW Data_HCP'!A:A,'RAW Data_HCP'!D:D) -> North
A12: RX000011 | B12: P00011 | C12: HCP076 | D12: 45682 | E12: =_xlfn.XLOOKUP(C:C,'RAW Data_HCP'!A:A,'RAW Data_HCP'!B:B) -> Dr_76 | F12: =_xlfn.XLOOKUP(C:C,'RAW Data_HCP'!A:A,'RAW Data_HCP'!C:C) -> Hematology-Oncology | G12: =_xlfn.XLOOKUP(C:C,'RAW Data_HCP'!A:A,'RAW Data_HCP'!D:D) -> East
A13: RX000012 | B13: P00012 | C13: HCP121 | D13: 45690 | E13: =_xlfn.XLOOKUP(C:C,'RAW Data_HCP'!A:A,'RAW Data_HCP'!B:B) -> Dr_121 | F13: =_xlfn.XLOOKUP(C:C,'RAW Data_HCP'!A:A,'RAW Data_HCP'!C:C) -> Medical Oncology | G13: =_xlfn.XLOOKUP(C:C,'RAW Data_HCP'!A:A,'RAW Data_HCP'!D:D) -> West
... A1001: RX001000 | B1001: P01000 | C1001: HCP082 | D1001: 45675 | E1001: =_xlfn.XLOOKUP(C:C,'RAW Data_HCP'!A:A,'RAW Data_HCP'!B:B) -> Dr_82 | F1001: =_xlfn.XLOOKUP(C:C,'RAW Data_HCP'!A:A,'RAW Data_HCP'!C:C) -> Medical Oncology | G1001: =_xlfn.XLOOKUP(C:C,'RAW Data_HCP'!A:A,'RAW Data_HCP'!D:D) -> East

Sheet Pivot_AvgQtyByPatients
A3: Row Labels | B3: Average of total_quantity_days
A4: P00001 | B4: 90
A5: P00002 | B5: 90
A6: P00003 | B6: 90
A7: P00004 | B7: 168
A8: P00005 | B8: 168
A9: P00006 | B9: 168
A10: P00007 | B10: 168
A11: P00008 | B11: 168
A12: P00009 | B12: 168
A13: P00010 | B13: 150
A14: P00011 | B14: 150
A15: P00012 | B15: 150
... A1004: Grand Total | B1004: 128.655
